iteration,MSE_trg,MSE_tst,acc_trg,acc_tst,elapsed
0,0.224935587753,0.00197208724671,0.509459459459,0.997780244173,0.045968656
10,0.224542207978,0.00206004205265,0.509459459459,0.997780244173,0.572158795
20,0.224433008988,0.00209135601005,0.509459459459,0.997780244173,1.022777264
30,0.218221505917,0.0031242135689,0.509459459459,0.997780244173,1.47656028
40,0.218177488075,0.00314201663113,0.509459459459,0.997780244173,1.922562505
50,0.2181766236,0.00314765356428,0.509459459459,0.997780244173,2.353668505
60,0.218196154801,0.00309892029394,0.509459459459,0.997780244173,2.790858689
70,0.218195065876,0.00310914848798,0.509459459459,0.997780244173,3.226253488
80,0.218190201451,0.00311965281048,0.509459459459,0.997780244173,3.664207935
90,0.218192840305,0.00308648171194,0.509459459459,0.997780244173,4.115261608
100,0.218156953622,0.00323534923816,0.509459459459,0.997780244173,4.553533334
110,0.218154937753,0.00323923842213,0.509459459459,0.997780244173,4.976665007
120,0.218138627121,0.00322804791961,0.509459459459,0.997780244173,5.41593797
130,0.218146924734,0.00321355571276,0.509459459459,0.997780244173,5.861624598
140,0.218140623897,0.0032151795622,0.509459459459,0.997780244173,6.302263474
150,0.217276868859,0.00342836227009,0.509459459459,0.997780244173,6.740402876
160,0.209822485864,0.00536302409015,0.509459459459,0.997780244173,7.174328998
170,0.209813903851,0.00533298347252,0.509459459459,0.997780244173,7.617206625
180,0.209795556121,0.00529936848137,0.509459459459,0.997780244173,8.054149036
190,0.209786320309,0.00526647855225,0.509459459459,0.997780244173,8.48289832
200,0.209784857867,0.00526666121007,0.509459459459,0.997780244173,8.941769229
210,0.209767733926,0.00527019022172,0.509459459459,0.997780244173,9.393125284
220,0.209758256997,0.00527027127635,0.509459459459,0.997780244173,9.83539268
230,0.209757464057,0.00526948833248,0.509459459459,0.997780244173,10.284320624
240,0.209753800713,0.00525529209623,0.509459459459,0.997780244173,10.724650455
250,0.209752245852,0.00525542950435,0.509459459459,0.997780244173,11.167028858
260,0.209665322663,0.00526424617206,0.509459459459,0.997780244173,11.618943361
270,0.209663374115,0.005260289331,0.509459459459,0.997780244173,12.078537376
280,0.209645575974,0.00526566724518,0.509459459459,0.997780244173,12.559510128
290,0.209574969932,0.00527887291443,0.509459459459,0.997780244173,13.053895271
300,0.206640355823,0.00694059764138,0.509459459459,0.997780244173,13.514630301
310,0.206638163805,0.0069403865731,0.509459459459,0.997780244173,13.968906496
320,0.206631743427,0.00693233780841,0.509459459459,0.997780244173,14.44247073
330,0.206385918086,0.00725997979018,0.509459459459,0.997780244173,14.909119999
340,0.206368164201,0.00725304840292,0.509459459459,0.997780244173,15.350088374
350,0.198485503466,0.0106514467965,0.51,0.997780244173,15.813515964
360,0.198420928432,0.00974795609814,0.50972972973,0.997780244173,16.271341068
370,0.198377667403,0.00974083369513,0.50972972973,0.997780244173,16.706681738
380,0.19834877851,0.00982922123296,0.50972972973,0.997780244173,17.157239987
390,0.198004121696,0.0100274253554,0.50972972973,0.997780244173,17.610920784
400,0.197532815884,0.0102299844691,0.50972972973,0.997780244173,18.070999837
410,0.19752846459,0.0102140873251,0.50972972973,0.997780244173,18.55338852
420,0.197027743571,0.0102033350886,0.50972972973,0.997780244173,19.029032291
430,0.197020293269,0.0102070664675,0.50972972973,0.997780244173,19.509146249
440,0.198220974085,0.0096668234899,0.50972972973,0.997780244173,20.02784659
450,0.193767396616,0.0111861851195,0.51,0.997780244173,20.515285358
460,0.193746746431,0.0112138113166,0.51,0.997780244173,20.98788172
470,0.193751294496,0.0112185057766,0.51,0.997780244173,21.504779563
480,0.193226789096,0.0114746567147,0.51,0.997780244173,21.991481171
490,0.193224537912,0.0114726206592,0.51,0.997780244173,22.447958411
500,0.181714136115,0.0170955812795,0.51,0.997780244173,22.925233535
510,0.181663377521,0.017098206703,0.51,0.997780244173,23.390225212
520,0.181648307602,0.0170598293937,0.51,0.997780244173,23.841498871
530,0.181642735016,0.0170259771295,0.51,0.997780244173,24.301805309
540,0.181647796626,0.0169339842621,0.51,0.997780244173,24.790421692
550,0.181638947183,0.017012275533,0.51,0.997780244173,25.28353979
560,0.181598431201,0.0170442090816,0.51,0.997780244173,25.749191782
570,0.173773717312,0.0228946008875,0.51027027027,0.99667036626,26.202133439
580,0.173642605686,0.0226126574585,0.51,0.99667036626,26.64483749
590,0.163529250358,0.0324350335233,0.50972972973,0.995560488346,27.084760128
600,0.163526933218,0.0324288409985,0.50972972973,0.995560488346,27.558264578
610,0.163498822109,0.0322581255802,0.50972972973,0.995560488346,27.99762575
620,0.163454705919,0.0322860776355,0.50972972973,0.995560488346,28.438827356
630,0.163434868135,0.032254995834,0.50972972973,0.995560488346,28.889638039
640,0.163420695341,0.032221998172,0.50972972973,0.995560488346,29.316830616
650,0.163451985237,0.0322680712218,0.50972972973,0.995560488346,29.756238303
660,0.163400500406,0.0321984771899,0.509189189189,0.995560488346,30.199139225
670,0.162779711254,0.0311826572498,0.510540540541,0.99667036626,30.640062684
680,0.16277955927,0.0311826558686,0.510540540541,0.99667036626,31.072194059
690,0.170935128179,0.0231097630756,0.51,0.997780244173,31.526330137
700,0.16267701574,0.0312416103668,0.510540540541,0.99667036626,31.998863165
710,0.162672232592,0.0312451274153,0.510540540541,0.99667036626,32.445322899
720,0.161852165295,0.0313501648721,0.510810810811,0.99667036626,32.896198342
730,0.161784978992,0.0311307165605,0.510810810811,0.99667036626,33.330606277
740,0.161784761545,0.0311174294471,0.510810810811,0.99667036626,33.779127897
750,0.161690668881,0.0307882670504,0.510540540541,0.997780244173,34.238197581
760,0.161408704889,0.031009413683,0.511081081081,0.997780244173,34.701869996
770,0.161403822124,0.0309952939248,0.511081081081,0.997780244173,35.156411413
780,0.161378499764,0.0310187597889,0.511081081081,0.997780244173,35.606887988
790,0.161375303923,0.0310188889065,0.511081081081,0.997780244173,36.047259482
800,0.161364232347,0.0310195424836,0.511081081081,0.997780244173,36.521315993
810,0.161158844674,0.0310433316831,0.511081081081,0.997780244173,36.961970454
820,0.161147047952,0.031012429501,0.511081081081,0.997780244173,37.407650765
830,0.161137712406,0.030996775976,0.511081081081,0.997780244173,37.895789683
840,0.161081371815,0.0305402273359,0.510810810811,0.997780244173,38.361012556
850,0.161075478825,0.0305579786487,0.510810810811,0.997780244173,38.820250758
860,0.161068516881,0.0304891376408,0.510540540541,0.997780244173,39.26895337
870,0.161067250046,0.0304859406962,0.510540540541,0.997780244173,39.724369041
880,0.161048386395,0.0305836427837,0.510540540541,0.997780244173,40.215975333
890,0.160947145345,0.0303956585424,0.510540540541,0.997780244173,40.686477089
900,0.160942074785,0.0303352382551,0.510540540541,0.997780244173,41.150844668
910,0.160913223093,0.0302556115311,0.510540540541,0.997780244173,41.604440712
920,0.160912566222,0.0302545288151,0.510540540541,0.997780244173,42.068780028
930,0.16090868379,0.0302583081423,0.510540540541,0.997780244173,42.533465744
940,0.16090696476,0.0302585801778,0.510540540541,0.997780244173,43.003395775
950,0.160597159225,0.030899278374,0.510810810811,0.997780244173,43.451204428
960,0.160056061755,0.0311525682725,0.510810810811,0.997780244173,43.921622617
970,0.160045909156,0.0311261206668,0.510810810811,0.997780244173,44.381632365
980,0.160044594821,0.031128860175,0.510810810811,0.997780244173,44.826833494
990,0.160048335284,0.031129296029,0.510810810811,0.997780244173,45.280761773
1000,0.159924336762,0.0310705302185,0.510810810811,0.997780244173,45.728027277
1010,0.156225783287,0.0323806667409,0.511351351351,0.997780244173,46.181370582
1020,0.156194667901,0.0323406775218,0.511351351351,0.997780244173,46.617400865
1030,0.156192676976,0.0323401249602,0.511351351351,0.997780244173,47.075753178
1040,0.156158931273,0.0324272106299,0.511351351351,0.997780244173,47.515818411
1050,0.167773258081,0.0216456417265,0.51,0.997780244173,47.949831988
1060,0.156157381747,0.032422766284,0.511351351351,0.997780244173,48.386941169
1070,0.156124152986,0.0323453554764,0.511621621622,0.997780244173,48.830308769
1080,0.156097630245,0.0323495305473,0.511621621622,0.997780244173,49.274261588
1090,0.156026067092,0.0322926442457,0.511351351351,0.997780244173,49.709721213
1100,0.156022938228,0.0323182320442,0.511351351351,0.997780244173,50.146298931
1110,0.155888088641,0.0322869489685,0.511351351351,0.997780244173,50.594714357
1120,0.155881352022,0.0322760258419,0.511351351351,0.997780244173,51.026833316
1130,0.155821533126,0.0323849363743,0.511621621622,0.997780244173,51.457044953
1140,0.155772613848,0.0322995332994,0.511621621622,0.997780244173,51.892682459
1150,0.155733868162,0.0322193414054,0.511621621622,0.997780244173,52.34269164
1160,0.154610284759,0.0334377378007,0.511891891892,0.997780244173,52.800793587
1170,0.154617974693,0.0333458709873,0.511891891892,0.997780244173,53.241118733
1180,0.154568733634,0.0333373066932,0.511621621622,0.997780244173,53.690433174
1190,0.154563909895,0.0333125425023,0.511621621622,0.997780244173,54.134825045
1200,0.154534719703,0.0333153913097,0.511621621622,0.997780244173,54.591264501
1210,0.154474198389,0.033291202823,0.511621621622,0.997780244173,55.047883334
1220,0.154445370022,0.0332938319796,0.511621621622,0.997780244173,55.490324913
1230,0.154380859379,0.0331387499485,0.511621621622,0.997780244173,55.945029837
1240,0.154355797677,0.0331552479993,0.511891891892,0.997780244173,56.388487435
1250,0.154230054766,0.0331554392003,0.512162162162,0.997780244173,56.830364692
1260,0.154222825692,0.0331527119722,0.512162162162,0.997780244173,57.277221381
1270,0.153997618024,0.0332148006933,0.512162162162,0.997780244173,57.720221544
1280,0.153653865702,0.033318826397,0.512702702703,0.997780244173,58.154293684
1290,0.153861143618,0.0331692919453,0.512162162162,0.997780244173,58.611464522
1300,0.153649161664,0.0333110671006,0.512702702703,0.997780244173,59.062346218
1310,0.153638348349,0.0332753030975,0.512702702703,0.997780244173,59.502054601
1320,0.153635333217,0.033275864909,0.512702702703,0.997780244173,59.950980842
1330,0.153634821191,0.0332838976011,0.512702702703,0.997780244173,60.395578035
1340,0.153606064317,0.0332393306239,0.512702702703,0.997780244173,60.83456492
1350,0.153584053072,0.0331420239279,0.512702702703,0.997780244173,61.281183804
1360,0.15356704633,0.0331401117363,0.512702702703,0.997780244173,61.726737243
1370,0.153559127458,0.0332252546466,0.512702702703,0.997780244173,62.180094065
1380,0.153533574847,0.0332020959934,0.512702702703,0.997780244173,62.629966241
1390,0.152814896715,0.0335730023686,0.513783783784,0.997780244173,63.083106558
1400,0.152807501576,0.0335999985835,0.513783783784,0.997780244173,63.525055785
1410,0.152799295492,0.0335722608869,0.513783783784,0.997780244173,63.966976957
1420,0.153017227789,0.0346179627571,0.510810810811,0.991120976693,64.413928201
1430,0.152754193261,0.0335278732839,0.513783783784,0.997780244173,64.867607772
1440,0.15274518309,0.033536435446,0.513783783784,0.997780244173,65.312553465
1450,0.152609148551,0.0337323914601,0.514054054054,0.997780244173,65.754889212
1460,0.152767926169,0.0326145132862,0.515405405405,0.997780244173,66.196904824
1470,0.152394681495,0.0337310419904,0.516216216216,0.997780244173,66.652166342
1480,0.15232197933,0.0335427450431,0.516216216216,0.997780244173,67.110264596
1490,0.152085857668,0.033679164312,0.516216216216,0.997780244173,67.560967579
1500,0.151881948992,0.0334760970838,0.516756756757,0.997780244173,67.999515619
1510,0.150067816964,0.0341914874665,0.516486486486,0.997780244173,68.470462248
1520,0.150003701642,0.034108669049,0.516486486486,0.997780244173,68.924387988
1530,0.150003068742,0.0341050838519,0.516486486486,0.997780244173,69.360725063
1540,0.149991701777,0.0340913637902,0.516486486486,0.997780244173,69.783560188
1550,0.14991564744,0.0341827253227,0.516486486486,0.997780244173,70.226238004
1560,0.149932504945,0.0342265891052,0.516486486486,0.997780244173,70.673662775
1570,0.149905303382,0.0341765993094,0.516486486486,0.997780244173,71.110873723
1580,0.149903227936,0.0341652940099,0.516486486486,0.997780244173,71.561916533
1590,0.149823534515,0.034055486592,0.516756756757,0.997780244173,72.002644909
1600,0.149648422067,0.0340815018283,0.516756756757,0.997780244173,72.447235484
1610,0.149646340817,0.0340789511205,0.516756756757,0.997780244173,72.882200373
1620,0.149618101871,0.0340761758885,0.516756756757,0.997780244173,73.322943981
1630,0.149596040874,0.0340695382712,0.516756756757,0.997780244173,73.786110588
1640,0.149547796276,0.0340822595428,0.516756756757,0.997780244173,74.231526608
1650,0.137067554955,0.0543875016496,0.521891891892,0.896781354051,74.689148511
1660,0.134648171949,0.0557170147465,0.525135135135,0.895671476138,75.127766486
1670,0.134646159531,0.0557146602173,0.525135135135,0.895671476138,75.586104187
1680,0.13454584643,0.0555761652598,0.525675675676,0.895671476138,76.026370413
1690,0.134123029826,0.0541102990206,0.527027027027,0.899001109878,76.466857239
1700,0.134102042985,0.0540722180113,0.527027027027,0.899001109878,76.936314175
1710,0.134053079381,0.0539526279639,0.527027027027,0.899001109878,77.383300844
1720,0.134016564901,0.0539453825053,0.527027027027,0.897891231964,77.828429322
1730,0.133897018781,0.0537801894051,0.527027027027,0.899001109878,78.301868015
1740,0.133823704467,0.0537675385091,0.527567567568,0.899001109878,78.770246232
1750,0.133818014192,0.0537553776789,0.527567567568,0.899001109878,79.232165478
1760,0.133762839452,0.0536226180973,0.527837837838,0.900110987791,79.688403362
1770,0.133753469541,0.053604662368,0.527837837838,0.900110987791,80.161995677
1780,0.133213433632,0.0535709674114,0.531081081081,0.899001109878,80.620929732
1790,0.133204026193,0.0535325010255,0.531081081081,0.899001109878,81.086263825
1800,0.133185181676,0.0535015613996,0.531081081081,0.899001109878,81.544474274
1810,0.130848157284,0.0558081725179,0.534054054054,0.88346281909,82.011156383
1820,0.130840823271,0.0557873927475,0.534054054054,0.88346281909,82.475786948
1830,0.130840532008,0.0557819017748,0.534054054054,0.88346281909,82.948326221
1840,0.130760272581,0.0557636696329,0.534324324324,0.882352941176,83.420396375
1850,0.130775329273,0.0557645841505,0.534324324324,0.882352941176,83.920863255
1860,0.130721985868,0.0556508242915,0.534324324324,0.882352941176,84.381749129
1870,0.130636414546,0.0556971179534,0.534864864865,0.882352941176,84.840905523
1880,0.130360282015,0.0552045210832,0.535405405405,0.885682574917,85.309274187
1890,0.130278115077,0.0549973119189,0.535405405405,0.884572697003,85.775822706
1900,0.13027229008,0.0549883688877,0.535405405405,0.884572697003,86.238052014
1910,0.130244578165,0.0549382724164,0.535675675676,0.884572697003,86.683004529
1920,0.130272407151,0.0549156660737,0.535675675676,0.885682574917,87.146291233
1930,0.130236085877,0.0549280504529,0.535675675676,0.884572697003,87.604577357
1940,0.130208201097,0.0548780892749,0.535675675676,0.884572697003,88.067195268
1950,0.130212367967,0.0548788024646,0.535675675676,0.884572697003,88.526957558
1960,0.13020623833,0.0548901855883,0.535675675676,0.884572697003,88.980540765
1970,0.12966748502,0.0552180383751,0.537027027027,0.88346281909,89.433334573
1980,0.129663910548,0.0552005674746,0.536756756757,0.884572697003,89.884566256
1990,0.129568704463,0.0549396339008,0.537567567568,0.88679245283,90.354355998
2000,0.129518412582,0.0548781431641,0.538108108108,0.88679245283,90.820501674
2010,0.1295183093,0.0548781872071,0.538108108108,0.88679245283,91.279328651
2020,0.129466073213,0.0548225486026,0.538108108108,0.88679245283,91.734544196
2030,0.129494359641,0.0546421128633,0.537567567568,0.88679245283,92.1859182
2040,0.129451151537,0.0548330568931,0.538108108108,0.88679245283,92.647062787
2050,0.129450750392,0.0548490856691,0.538108108108,0.88679245283,93.088848865
2060,0.129393697209,0.0548454746599,0.538108108108,0.88679245283,93.541517493
2070,0.129389350643,0.0548326564927,0.538108108108,0.88679245283,93.999324649
2080,0.129371665447,0.0548358944106,0.538108108108,0.88679245283,94.44499551
2090,0.129334141044,0.054774610863,0.538108108108,0.88679245283,94.905271956
2100,0.129307788736,0.0545255775878,0.536756756757,0.887902330744,95.351821444
2110,0.129279606492,0.0544724551771,0.536756756757,0.887902330744,95.807062734
2120,0.129196835625,0.0545832859444,0.537837837838,0.885682574917,96.267374506
2130,0.129168417494,0.05451306681,0.537837837838,0.885682574917,96.717351297
2140,0.129168363285,0.0545124699238,0.537837837838,0.885682574917,97.17681204
2150,0.129167047106,0.0545141940659,0.537837837838,0.885682574917,97.636623298
2160,0.129072936756,0.0544221269085,0.538108108108,0.885682574917,98.09273919
2170,0.129068672645,0.0544170235232,0.538108108108,0.885682574917,98.548143996
2180,0.129065508456,0.0544235978032,0.538108108108,0.885682574917,98.994434254
2190,0.129047852253,0.0544027320519,0.538108108108,0.885682574917,99.46025881
2200,0.128917215839,0.053957998485,0.538378378378,0.89012208657,99.939184608
2210,0.128912652212,0.0539594889223,0.538378378378,0.89012208657,100.386235435
2220,0.128816745192,0.0537861903156,0.538108108108,0.89012208657,100.832695389
2230,0.128816083849,0.0537650455627,0.538108108108,0.89012208657,101.281451795
2240,0.128756814615,0.0538644964149,0.538108108108,0.89012208657,101.728666184
2250,0.128723490122,0.0537568113483,0.538108108108,0.89012208657,102.173640927
2260,0.128704791324,0.0537354421614,0.538648648649,0.89012208657,102.633103267
2270,0.128667764122,0.0536412880815,0.538378378378,0.891231964484,103.079159046
2280,0.119260343814,0.0838891667453,0.532972972973,0.683684794673,103.532784556
2290,0.119229641458,0.083810209355,0.533513513514,0.683684794673,103.979584395
2300,0.118357882253,0.0939250804355,0.526216216216,0.619311875694,104.417531722
2310,0.118266170894,0.0938227380858,0.527027027027,0.617092119867,104.881251284
2320,0.118196956276,0.0937390252415,0.527297297297,0.617092119867,105.329905735
2330,0.116231195841,0.103639155821,0.541621621622,0.556048834628,105.786338538
2340,0.116866468853,0.0855625637216,0.537027027027,0.693673695893,106.234170351
2350,0.116144819013,0.103635349468,0.542432432432,0.556048834628,106.676626289
2360,0.116125834292,0.103493592568,0.542702702703,0.557158712542,107.130030768
2370,0.116123955137,0.103474791756,0.542702702703,0.557158712542,107.568040741
2380,0.117316416822,0.129035563511,0.587837837838,0.42397336293,108.014058006
2390,0.115521341187,0.108486606221,0.565945945946,0.513873473918,108.463049665
2400,0.115537098659,0.108507003226,0.565675675676,0.513873473918,108.9356119
2410,0.115461670664,0.108393500751,0.566216216216,0.514983351831,109.408291223
2420,0.115457003589,0.108390485983,0.566216216216,0.514983351831,109.869652608
2430,0.115445306775,0.108397807678,0.566216216216,0.514983351831,110.328737363
2440,0.115441340428,0.10839255659,0.566216216216,0.514983351831,110.784493779
2450,0.115437464459,0.108392108816,0.565945945946,0.514983351831,111.237937847
2460,0.115435567379,0.108400938187,0.565945945946,0.514983351831,111.688747535
2470,0.115366863627,0.108211698586,0.565945945946,0.516093229745,112.142141435
2480,0.115399296551,0.108274203427,0.565675675676,0.516093229745,112.598154628
2490,0.115333595928,0.108214937601,0.565945945946,0.516093229745,113.05685594
2500,0.115331856086,0.108219077696,0.565945945946,0.516093229745,113.494597703
2510,0.115159668432,0.107813571688,0.567027027027,0.518312985572,113.930490342
2520,0.115075773365,0.107509795273,0.567837837838,0.519422863485,114.388435929
2530,0.115070070867,0.107466399598,0.567837837838,0.519422863485,114.845864167
2540,0.115028640673,0.107383347661,0.568648648649,0.520532741398,115.31160484
2550,0.115017153576,0.107353163234,0.568648648649,0.520532741398,115.767063448
2560,0.114965489018,0.107230912,0.568918918919,0.520532741398,116.23577064
2570,0.114840699791,0.107297310421,0.569189189189,0.519422863485,116.694427404
2580,0.114837753212,0.107264740825,0.569189189189,0.519422863485,117.143088241
2590,0.114837634654,0.107264770662,0.569189189189,0.519422863485,117.630468526
2600,0.11483730865,0.107263093937,0.569189189189,0.519422863485,118.102385341
2610,0.114833935101,0.107257726659,0.569189189189,0.519422863485,118.555099715
2620,0.114759238222,0.107339775396,0.569459459459,0.519422863485,119.058983097
2630,0.114636618603,0.107144618613,0.56972972973,0.522752497225,119.530007907
2640,0.114607815576,0.107116611157,0.57,0.522752497225,120.004056909
2650,0.114461377465,0.106075552029,0.567027027027,0.524972253052,120.463428096
2660,0.114359675138,0.105960103565,0.567027027027,0.526082130966,120.927608522
2670,0.114333000802,0.105913597602,0.567837837838,0.526082130966,121.400522309
2680,0.11433298255,0.105912851506,0.567837837838,0.526082130966,121.84470673
2690,0.114275605896,0.105748639523,0.568378378378,0.528301886792,122.299536268
2700,0.114241190191,0.105736180347,0.568378378378,0.528301886792,122.746510055
2710,0.11422851078,0.105701664458,0.568648648649,0.528301886792,123.202274007
2720,0.114170376633,0.105562498553,0.568918918919,0.528301886792,123.66896571
2730,0.114171523007,0.105564403231,0.568918918919,0.528301886792,124.150212628
2740,0.114060225857,0.105371140108,0.57,0.530521642619,124.627017623
2750,0.114029472341,0.105326871529,0.57,0.530521642619,125.097956567
2760,0.113991863211,0.10448770886,0.573243243243,0.532741398446,125.54551929
2770,0.113799944768,0.104081105152,0.575135135135,0.5371809101,125.999846033
2780,0.113776249162,0.104049989322,0.575405405405,0.5371809101,126.455935929
2790,0.113640686437,0.10412158731,0.578378378378,0.536071032186,126.923072985
2800,0.113367237293,0.104614594375,0.582702702703,0.53385127636,127.376869358
2810,0.113345135616,0.104544135386,0.583243243243,0.53385127636,127.831530624
2820,0.113329950364,0.104492008479,0.583243243243,0.53385127636,128.299756773
2830,0.113317400154,0.104261649559,0.583243243243,0.53385127636,128.764665463
2840,0.113165511442,0.104137592099,0.582702702703,0.5371809101,129.233717545
2850,0.113093398181,0.104105377028,0.583513513514,0.5371809101,129.688153189
2860,0.112927748772,0.104173496875,0.584054054054,0.5371809101,130.143150127
2870,0.112823208321,0.104011847264,0.585675675676,0.538290788013,130.592563342
2880,0.112707170421,0.102934168828,0.587027027027,0.544950055494,131.077267202
2890,0.112701787073,0.102952084377,0.587027027027,0.544950055494,131.53881786
2900,0.112396982765,0.0943725554561,0.594054054054,0.593784683685,131.995356364
2910,0.11235344229,0.0943489750442,0.594054054054,0.593784683685,132.438247085
2920,0.112351305041,0.0943414001713,0.594054054054,0.593784683685,132.895108009
2930,0.11235055454,0.0943364564585,0.594054054054,0.593784683685,133.342995783
2940,0.112346176178,0.094332448279,0.594054054054,0.593784683685,133.787303323
2950,0.113135163326,0.0958809956869,0.589189189189,0.583795782464,134.241129467
2960,0.112197539161,0.0940556106101,0.595405405405,0.598224195339,134.69679429
2970,0.112197199467,0.0940560109508,0.595405405405,0.598224195339,135.166293249
2980,0.112196882573,0.0940480801101,0.595405405405,0.598224195339,135.624489498
2990,0.112048525587,0.0940764239423,0.595945945946,0.598224195339,136.085504658
3000,0.112034492617,0.0940645902082,0.595945945946,0.598224195339,136.541778912
3010,0.112041786495,0.0940731910643,0.595945945946,0.598224195339,137.007063901
3020,0.112032024946,0.0940596163818,0.595945945946,0.598224195339,137.471893989
3030,0.112025162455,0.0941134365366,0.595945945946,0.598224195339,137.937891453
3040,0.11202249197,0.094101732962,0.595945945946,0.598224195339,138.396664638
3050,0.111970560846,0.094079747184,0.596486486486,0.600443951165,138.842462674
3060,0.111949756983,0.0940561155612,0.596486486486,0.600443951165,139.287034868
3070,0.109966701186,0.0976098789087,0.601891891892,0.573806881243,139.735415788
3080,0.10981175958,0.0973192691535,0.601891891892,0.57602663707,140.192195237
3090,0.109799738236,0.0973191676131,0.601891891892,0.57602663707,140.657821244
3100,0.10953325096,0.0967216314593,0.604054054054,0.578246392897,141.103645657
3110,0.109513563675,0.09666539192,0.604324324324,0.578246392897,141.550075973
3120,0.107797349126,0.113402993137,0.632972972973,0.446170921199,142.005857592
3130,0.107778775539,0.113373096864,0.632972972973,0.446170921199,142.456677832
3140,0.107761118829,0.113346524018,0.632972972973,0.447280799112,142.907170199
3150,0.10761409397,0.112879080897,0.634864864865,0.448390677026,143.35549224
3160,0.107616559861,0.11326414636,0.634594594595,0.447280799112,143.83183442
3170,0.107605780958,0.113230954482,0.634594594595,0.447280799112,144.272871407
3180,0.107596969635,0.113223661997,0.634594594595,0.447280799112,144.72579782
3190,0.107585109979,0.113219414308,0.634864864865,0.447280799112,145.189240156
3200,0.107559145002,0.113215265585,0.634594594595,0.447280799112,145.634344636
3210,0.107557881189,0.1132076895,0.634594594595,0.447280799112,146.085621131
3220,0.107562996936,0.113206303182,0.634594594595,0.447280799112,146.527563356
3230,0.11555633434,0.149151256396,0.61027027027,0.390677025527,146.972745208
3240,0.107488117379,0.113190732789,0.634594594595,0.447280799112,147.425372325
3250,0.106578799134,0.104167585675,0.627297297297,0.481687014428,147.874810754
3260,0.106526730885,0.104109469988,0.627837837838,0.482796892342,148.329229078
3270,0.106429712225,0.104061077106,0.627837837838,0.483906770255,148.791657708
3280,0.106420436252,0.104068093989,0.628108108108,0.483906770255,149.253497612
3290,0.106148992907,0.103452064117,0.630540540541,0.490566037736,149.698880461
3300,0.105970764569,0.0983368494953,0.616486486486,0.522752497225,150.143321363
3310,0.106112002109,0.0985604055606,0.615135135135,0.520532741398,150.591541653
3320,0.105951838428,0.0983129961423,0.616486486486,0.522752497225,151.042730801
3330,0.10581845274,0.0986460326748,0.616216216216,0.521642619312,151.485012139
3340,0.105800386833,0.098680302143,0.616756756757,0.521642619312,151.928803406
3350,0.105766133805,0.0986562162592,0.617027027027,0.521642619312,152.386895032
3360,0.105751917162,0.0985495464005,0.617027027027,0.522752497225,152.852408433
3370,0.105743246872,0.0985658322949,0.617027027027,0.522752497225,153.291388352
3380,0.105702232364,0.0984155469745,0.617297297297,0.522752497225,153.741868062
3390,0.105685590584,0.098384237534,0.617567567568,0.522752497225,154.194534976
3400,0.105704513842,0.0984484057677,0.617297297297,0.522752497225,154.675570925
3410,0.105594265483,0.0982384777931,0.617297297297,0.524972253052,155.122665729
3420,0.105543439081,0.0981156541534,0.618378378378,0.524972253052,155.567852451
3430,0.105440784875,0.0979067905128,0.619459459459,0.528301886792,156.025468275
3440,0.105398548131,0.0978518371165,0.61972972973,0.528301886792,156.473716376
3450,0.105394539242,0.0978523313297,0.61972972973,0.528301886792,156.921844289
3460,0.10523520826,0.0974666569537,0.618648648649,0.529411764706,157.374108136
3470,0.105111674914,0.0972155860944,0.619459459459,0.53385127636,157.822107479
3480,0.105056879664,0.0971360419355,0.619459459459,0.534961154273,158.289312181
3490,0.105054072965,0.0971203332449,0.619459459459,0.536071032186,158.73718681
3500,0.105054258348,0.0971205497621,0.619459459459,0.536071032186,159.205899875
3510,0.104215905314,0.0952354267235,0.628648648649,0.549389567148,159.658228985
3520,0.104004214864,0.0948083570767,0.630810810811,0.553829078801,160.11582717
3530,0.103998076932,0.0947856364507,0.631081081081,0.553829078801,160.566188206
3540,0.103921091901,0.0947125332174,0.631351351351,0.553829078801,161.016224648
3550,0.103823532862,0.0947250184494,0.631351351351,0.552719200888,161.465506019
3560,0.103716739568,0.0945073997409,0.632432432432,0.556048834628,161.930329134
3570,0.101907760056,0.0802989068953,0.640810810811,0.781354051054,162.381909246
3580,0.101886971201,0.0802647568817,0.640810810811,0.781354051054,162.829569509
3590,0.101880163552,0.0802511361216,0.640540540541,0.781354051054,163.290701517
3600,0.101837202396,0.0802692677493,0.64,0.781354051054,163.74524177
3610,0.101809142534,0.0802168867721,0.64,0.781354051054,164.192140294
3620,0.101850034801,0.0803818343515,0.64027027027,0.781354051054,164.652998014
3630,0.101809396939,0.0802154105358,0.64027027027,0.781354051054,165.109138374
3640,0.101682013816,0.0795493535638,0.640540540541,0.783573806881,165.585474255
3650,0.10167667825,0.0795365672004,0.640540540541,0.784683684795,166.035072266
3660,0.101631276054,0.0796263653699,0.642162162162,0.783573806881,166.478191179
3670,0.10162363979,0.0796957755125,0.641621621622,0.783573806881,166.933896349
3680,0.101583689643,0.0796620198194,0.641621621622,0.783573806881,167.38372127
3690,0.10154032532,0.0796767698878,0.641891891892,0.783573806881,167.849628985
3700,0.101529399872,0.0796642163615,0.641891891892,0.783573806881,168.296423183
3710,0.101281705224,0.0791387329654,0.647837837838,0.786903440622,168.737103449
3720,0.100846718219,0.0777921948208,0.653243243243,0.800221975583,169.194641013
3730,0.100716965914,0.0775217952456,0.655945945946,0.801331853496,169.654753522
3740,0.100511418388,0.0769991784887,0.657567567568,0.803551609323,170.11112937
3750,0.100326968701,0.0775634363279,0.657297297297,0.80244173141,170.567125587
3760,0.10030556542,0.077566417156,0.657027027027,0.80244173141,171.030923354
3770,0.100266156486,0.0775616965251,0.658108108108,0.801331853496,171.492408838
3780,0.100105857109,0.0773775529458,0.658918918919,0.804661487236,171.952131865
3790,0.100097433535,0.0773560972777,0.659189189189,0.804661487236,172.392046904
3800,0.100082984151,0.077251862787,0.659189189189,0.806881243063,172.844131963
3810,0.100064152878,0.0772456501127,0.659459459459,0.806881243063,173.294935713
3820,0.100064168469,0.077245795051,0.659459459459,0.806881243063,173.72975213
3830,0.100050511292,0.0772264486502,0.659459459459,0.807991120977,174.169461903
3840,0.0998447643439,0.0773573947817,0.65972972973,0.806881243063,174.611113436
3850,0.100225073484,0.07159524472,0.664594594595,0.859045504994,175.097901988
3860,0.0997815267152,0.0772615153319,0.660540540541,0.807991120977,175.572978119
3870,0.0997815827186,0.0772771471435,0.66027027027,0.807991120977,176.041041215
3880,0.0997163248468,0.0770883027223,0.660540540541,0.80910099889,176.509231442
3890,0.0995929632191,0.0769192336711,0.661891891892,0.80910099889,176.961541019
3900,0.0995740502941,0.0768777430736,0.661891891892,0.80910099889,177.406646249
3910,0.0995381136298,0.0767609921147,0.661891891892,0.80910099889,177.86694727
3920,0.0994923871544,0.0766800451428,0.662162162162,0.810210876804,178.354477883
3930,0.0994585832552,0.0766749673862,0.661891891892,0.810210876804,178.807952972
3940,0.09943015271,0.0766391631019,0.662162162162,0.810210876804,179.269719887
3950,0.0994253014339,0.0766205455811,0.662162162162,0.810210876804,179.727292542
3960,0.0994230183711,0.0766194265773,0.662162162162,0.810210876804,180.182857863
3970,0.0993398852259,0.0783683277325,0.661891891892,0.792452830189,180.632158514
3980,0.0991776237756,0.0783420165804,0.662702702703,0.792452830189,181.083030353
3990,0.0991651833918,0.0783302923056,0.662702702703,0.792452830189,181.532485896
4000,0.0991243797384,0.078345722903,0.662432432432,0.791342952275,181.983038647
4010,0.0989591921922,0.0769248615886,0.666486486486,0.800221975583,182.449345754
4020,0.0989285895359,0.0769048816371,0.666756756757,0.800221975583,182.894770401
4030,0.0988558123082,0.0766538941022,0.667027027027,0.801331853496,183.351961882
4040,0.0985628094862,0.0819235168071,0.662432432432,0.735849056604,183.801550002
4050,0.09845092123,0.0824393635699,0.662702702703,0.735849056604,184.272958392
4060,0.0983672068244,0.0822620255648,0.662972972973,0.739178690344,184.743694827
4070,0.0983667887265,0.0822795152625,0.662972972973,0.739178690344,185.229607291
4080,0.0983911604967,0.0823088221958,0.662432432432,0.739178690344,185.678996605
4090,0.0983563722209,0.0822543081406,0.662972972973,0.739178690344,186.138857369
4100,0.0983691300079,0.0822687035411,0.662972972973,0.739178690344,186.585493891
4110,0.0983021576437,0.0821541553186,0.663243243243,0.739178690344,187.030553417
4120,0.0982499420923,0.0820722156615,0.663243243243,0.739178690344,187.471543584
4130,0.0982500272487,0.0820633599513,0.663243243243,0.739178690344,187.929214945
4140,0.0981408037132,0.0818702118567,0.665135135135,0.740288568257,188.394064488
4150,0.0980950870549,0.0816209025068,0.666216216216,0.740288568257,188.857733522
4160,0.0980732959296,0.0815813978975,0.666216216216,0.740288568257,189.314179148
4170,0.0980705635478,0.0815484567845,0.666216216216,0.740288568257,189.77698352
4180,0.0978702418121,0.0810362178606,0.668378378378,0.745837957825,190.232589892
4190,0.0978470478336,0.081058163583,0.668378378378,0.745837957825,190.685784042
4200,0.0976225506743,0.0810051699276,0.671891891892,0.746947835738,191.124845955
4210,0.0975627957244,0.0810305878763,0.671351351351,0.746947835738,191.589617694
4220,0.0975610495672,0.0810227436217,0.671351351351,0.746947835738,192.049025417
4230,0.0974813075522,0.0809404009499,0.671621621622,0.746947835738,192.511559685
4240,0.0974936597251,0.0809825209,0.671351351351,0.746947835738,192.96938501
4250,0.097500664808,0.080988904808,0.670540540541,0.746947835738,193.4352275
4260,0.09746362247,0.0808982617373,0.671621621622,0.746947835738,193.906106987
4270,0.0974514055049,0.0808735066195,0.671891891892,0.746947835738,194.363824012
4280,0.0974349098951,0.0807878966777,0.672162162162,0.746947835738,194.816739101
4290,0.0974069843398,0.080648144214,0.672432432432,0.746947835738,195.268317587
4300,0.0974380190565,0.0807113435266,0.671621621622,0.746947835738,195.718882742
4310,0.0973841471742,0.0806374021598,0.672432432432,0.746947835738,196.179445072
4320,0.0991995550461,0.0736376881124,0.676756756757,0.792452830189,196.619443627
4330,0.0973727961962,0.0806524054802,0.672432432432,0.746947835738,197.059086699
4340,0.0973583027253,0.0806345941413,0.672432432432,0.748057713651,197.506915982
4350,0.0973403573704,0.0800434842947,0.673783783784,0.749167591565,197.975314938
4360,0.0972528420012,0.0799136108846,0.674054054054,0.749167591565,198.419695848
4370,0.0970136460539,0.0794092137213,0.677027027027,0.753607103219,198.873544768
4380,0.0970127664644,0.0794105376679,0.677027027027,0.753607103219,199.337675485
4390,0.0970217145923,0.0794809393342,0.676756756757,0.753607103219,199.784310792
4400,0.0970891540371,0.0795056092707,0.676216216216,0.751387347392,200.241741643
4410,0.0969904349764,0.0793909487727,0.676486486486,0.753607103219,200.695914618
4420,0.0969844964162,0.0793921377006,0.676486486486,0.753607103219,201.152273922
4430,0.096951859675,0.0793213512185,0.677297297297,0.754716981132,201.605666429
4440,0.096942960016,0.07930624303,0.677297297297,0.755826859046,202.06989226
4450,0.0969318988786,0.078801259599,0.678378378378,0.761376248613,202.525340172
4460,0.0969212361416,0.0787770962526,0.678648648649,0.761376248613,202.969743961
4470,0.0969169373839,0.0787533037057,0.678648648649,0.761376248613,203.443334983
4480,0.0968713896864,0.0786719119893,0.678648648649,0.762486126526,203.904314074
4490,0.096933380225,0.0788633176226,0.678108108108,0.756936736959,204.359296241
4500,0.0968053103683,0.0785006244566,0.678918918919,0.762486126526,204.8068345
4510,0.096797292784,0.0784794292544,0.679459459459,0.762486126526,205.266450843
4520,0.0967797135302,0.0784176345692,0.67972972973,0.762486126526,205.725240535
4530,0.0967610987595,0.0784413945563,0.679459459459,0.761376248613,206.179487988
4540,0.0966681299692,0.0784549762733,0.68,0.761376248613,206.637765671
4550,0.0966358301362,0.0783699608127,0.67972972973,0.761376248613,207.088521045
4560,0.0966164688838,0.0782815971637,0.68,0.761376248613,207.541705485
4570,0.0963290006078,0.0778367605073,0.682432432432,0.769145394007,208.001977007
4580,0.0963103366827,0.0777679979886,0.682432432432,0.772475027747,208.443384439
4590,0.0962864479745,0.0777106942275,0.682972972973,0.772475027747,208.908134198
4600,0.0962742975808,0.0777464162119,0.682972972973,0.772475027747,209.364011064
4610,0.0962464640065,0.0776846616323,0.683243243243,0.772475027747,209.814179764
4620,0.0961793773304,0.0775453150686,0.683513513514,0.77358490566,210.263136113
4630,0.0960522289797,0.077409929997,0.684324324324,0.774694783574,210.715569934
4640,0.096034036688,0.0773688133726,0.684594594595,0.775804661487,211.162184098
4650,0.0960149339842,0.0774017986533,0.684324324324,0.774694783574,211.61514827
4660,0.0960091357961,0.0773392873929,0.684594594595,0.775804661487,212.075654884
4670,0.0955225173543,0.077604963379,0.687567567568,0.772475027747,212.531606737
4680,0.0955215477364,0.0776004405643,0.687567567568,0.772475027747,212.98986437
4690,0.0954868246253,0.0775265871309,0.688918918919,0.772475027747,213.463923057
4700,0.0954844433962,0.0775215330646,0.688918918919,0.772475027747,213.904831863
4710,0.0954825467465,0.0775095070026,0.688918918919,0.772475027747,214.363083147
4720,0.0954357481407,0.0776335399981,0.68972972973,0.772475027747,214.823466977
4730,0.0954381341463,0.0776396015713,0.68972972973,0.772475027747,215.269691726
4740,0.0954149681489,0.0775873716199,0.68972972973,0.772475027747,215.720830134
4750,0.0954117190736,0.0775999299199,0.68972972973,0.772475027747,216.179514426
4760,0.0954025323922,0.0775643749545,0.689459459459,0.772475027747,216.624738954
4770,0.0954023867434,0.0775638509713,0.689459459459,0.772475027747,217.06602032
4780,0.0953940254396,0.0775544495742,0.689459459459,0.772475027747,217.518940739
4790,0.0953922305314,0.0774946576898,0.68972972973,0.77358490566,217.975625902
4800,0.095253789956,0.0760000005163,0.687297297297,0.774694783574,218.437360205
4810,0.0952320290361,0.0759011461206,0.687297297297,0.774694783574,218.884651166
4820,0.0952254749476,0.0758897666244,0.687567567568,0.774694783574,219.332747306
4830,0.0948164607455,0.0759527651368,0.688648648649,0.77358490566,219.788268636
4840,0.0947511972808,0.0759573140512,0.69027027027,0.77358490566,220.236259573
4850,0.0947471835889,0.0759348619239,0.69,0.77358490566,220.697009974
4860,0.0947434570164,0.0759377863827,0.69,0.77358490566,221.150802111
4870,0.0947412409539,0.0759274675448,0.69,0.77358490566,221.607570679
4880,0.0947322777945,0.0759307787742,0.69,0.77358490566,222.044321673
4890,0.0946108867932,0.0756892052648,0.69027027027,0.776914539401,222.500656435
4900,0.0946026640801,0.075686024329,0.690540540541,0.776914539401,222.969041811
4910,0.0945859117368,0.0756022156712,0.691621621622,0.779134295228,223.418269011
4920,0.0945856141883,0.0755950246101,0.691621621622,0.779134295228,223.880832973
4930,0.0945693355422,0.0756275036374,0.691621621622,0.779134295228,224.351741622
4940,0.0945747215437,0.0756075300474,0.691621621622,0.779134295228,224.805608566
4950,0.0945646181867,0.0756053370977,0.691621621622,0.779134295228,225.246366024
4960,0.0945272190541,0.0755428210143,0.691621621622,0.779134295228,225.711032277
4970,0.0945080347574,0.0755116396547,0.691621621622,0.779134295228,226.166483471
4980,0.0944741529855,0.0754609046119,0.692162162162,0.779134295228,226.630159424
4990,0.0945652426919,0.0757094146348,0.691621621622,0.779134295228,227.097785105
